<?xml version="1.0" encoding="UTF-8"?>

<beans xmlns="http://www.springframework.org/schema/beans"
	xmlns:xsi="http://www.w3.org/2001/XMLSchema-instance" xmlns:context="http://www.springframework.org/schema/context"
	xmlns:p="http://www.springframework.org/schema/p" 
        xmlns:aop="http://www.springframework.org/schema/aop"
	xmlns:tx="http://www.springframework.org/schema/tx"
	xsi:schemaLocation="http://www.springframework.org/schema/beans
         http://www.springframework.org/schema/beans/spring-beans-3.0.xsd
         http://www.springframework.org/schema/context
         http://www.springframework.org/schema/context/spring-context-3.0.xsd
          http://www.springframework.org/schema/aop
         http://www.springframework.org/schema/aop/spring-aop-3.0.xsd
         http://www.springframework.org/schema/tx 
         http://www.springframework.org/schema/tx/spring-tx-3.0.xsd">
	<context:component-scan  base-package="com.hzins" />
      <!--  基于annotation的切面启动    --> 
      <context:annotation-config /> 
		<aop:aspectj-autoproxy />
		<aop:config>
		 <!-- 定义切面 引用通知的bean-->
        <aop:aspect id="my-aspect1" ref="areaConfigAspect">
            <aop:pointcut id="pointcut1" expression="execution(* com.hzins.*.area.service.AreaService.save*(..))"/>
            <aop:after-returning method="afterSave" pointcut-ref="pointcut1" returning="retVal"/>
            </aop:aspect>
            
            <aop:aspect>
         <aop:declare-parents
         types-matching="com."
          implement-interface="com.springinaction.springidol.Contestant"
           default-impl="com.springinaction.springidol.GraciousContestant" />
 </aop:aspect>
            </aop:config>
		
</beans>
